-- DUMP DATA UNTUK MIGRASI

ALTER TABLE profiles DROP CONSTRAINT IF EXISTS profiles_id_fkey;

INSERT INTO outlets ("id", "name", "address", "phone", "tagline", "tax_rate", "created_at") VALUES ('f379bbdb-520e-41b8-874a-bdbb1628534e', 'Barbertopia Pekayon', 'Jl. Puloribung  No. 22 Pekayon
Bekasi Barat - Kota Bekasi', '08981374000', 'Up Your Hair Style!', '0', '2026-05-29T21:58:38.048Z');

INSERT INTO profiles ("id", "outlet_id", "name", "role", "created_at") VALUES ('3d90829e-567f-4166-8e60-71deb98dd8c5', 'f379bbdb-520e-41b8-874a-bdbb1628534e', 'Admin Barbershop', 'admin', '2026-05-29T22:19:03.939Z') ON CONFLICT DO NOTHING;
INSERT INTO profiles ("id", "outlet_id", "name", "role", "created_at") VALUES ('d2fff387-917b-414f-9a52-279020290f7b', 'f379bbdb-520e-41b8-874a-bdbb1628534e', 'Sumarna', 'cashier', '2026-05-31T07:23:18.043Z') ON CONFLICT DO NOTHING;
INSERT INTO profiles ("id", "outlet_id", "name", "role", "created_at") VALUES ('c5cecc8e-12de-45ee-b224-7092058903f2', 'f379bbdb-520e-41b8-874a-bdbb1628534e', 'Arul Ibrahim', 'cashier', '2026-05-31T11:42:12.531Z') ON CONFLICT DO NOTHING;
INSERT INTO profiles ("id", "outlet_id", "name", "role", "created_at") VALUES ('5c910e88-661b-4432-908c-acc99c8b31e6', 'f379bbdb-520e-41b8-874a-bdbb1628534e', 'Riyan Rifaldi', 'cashier', '2026-06-01T05:23:25.956Z') ON CONFLICT DO NOTHING;
INSERT INTO profiles ("id", "outlet_id", "name", "role", "created_at") VALUES ('937c1e4f-faa2-4320-b571-fc73082d55f8', 'f379bbdb-520e-41b8-874a-bdbb1628534e', 'Ratna', 'admin', '2026-06-03T14:26:18.890Z') ON CONFLICT DO NOTHING;

INSERT INTO services ("id", "outlet_id", "name", "category", "duration", "price", "commission_type", "commission_value", "created_at") VALUES ('fd267faf-703c-4620-a5da-c6c2654b8611', 'f379bbdb-520e-41b8-874a-bdbb1628534e', 'Kids Hair Cut', 'Haircut', 35, '35000', 'nominal', '5000', '2026-05-30T20:02:12.826Z');
INSERT INTO services ("id", "outlet_id", "name", "category", "duration", "price", "commission_type", "commission_value", "created_at") VALUES ('2207c5c0-1ceb-4c83-bdb3-b28f53599fbc', 'f379bbdb-520e-41b8-874a-bdbb1628534e', 'Hair Cutting', 'Haircut', 35, '35000', 'nominal', '5000', '2026-05-30T20:02:28.164Z');
INSERT INTO services ("id", "outlet_id", "name", "category", "duration", "price", "commission_type", "commission_value", "created_at") VALUES ('ece3a562-9b75-46c6-a026-e7d69942da5f', 'f379bbdb-520e-41b8-874a-bdbb1628534e', 'Shaving', 'Shaver', 5, '20000', 'nominal', '5000', '2026-06-01T00:49:40.972Z');
INSERT INTO services ("id", "outlet_id", "name", "category", "duration", "price", "commission_type", "commission_value", "created_at") VALUES ('f735cc46-1750-43b2-a2bb-5be001aa7fa4', 'f379bbdb-520e-41b8-874a-bdbb1628534e', 'Hair Design/Hair Tato', 'Hair Design', 40, '75000', 'nominal', '5000', '2026-06-01T00:50:22.323Z');
INSERT INTO services ("id", "outlet_id", "name", "category", "duration", "price", "commission_type", "commission_value", "created_at") VALUES ('b9cbbd7c-ca71-4dc6-8764-46e85a9ec06d', 'f379bbdb-520e-41b8-874a-bdbb1628534e', 'Hair Prem', 'Treatment', 50, '270000', 'nominal', '5000', '2026-06-01T00:51:40.271Z');
INSERT INTO services ("id", "outlet_id", "name", "category", "duration", "price", "commission_type", "commission_value", "created_at") VALUES ('f4fd64ef-82ef-4191-b307-24c523b44c6f', 'f379bbdb-520e-41b8-874a-bdbb1628534e', 'Down Prem', 'Treatment Perming', 50, '225000', 'nominal', '5000', '2026-06-01T00:52:39.304Z');
INSERT INTO services ("id", "outlet_id", "name", "category", "duration", "price", "commission_type", "commission_value", "created_at") VALUES ('e79c3b64-efa2-45f0-9f04-e464a70b26ea', 'f379bbdb-520e-41b8-874a-bdbb1628534e', 'Smoothing', 'Hair Treatment', 60, '250000', 'nominal', '5000', '2026-06-01T00:53:12.264Z');
INSERT INTO services ("id", "outlet_id", "name", "category", "duration", "price", "commission_type", "commission_value", "created_at") VALUES ('68542913-da98-430d-bc8c-0e8fe80b9c3d', 'f379bbdb-520e-41b8-874a-bdbb1628534e', 'Black Hair Colour', 'Coloring', 50, '120000', 'nominal', '5000', '2026-06-01T00:54:03.060Z');
INSERT INTO services ("id", "outlet_id", "name", "category", "duration", "price", "commission_type", "commission_value", "created_at") VALUES ('c80e91c0-3022-4e50-8043-0347fbf8e6cd', 'f379bbdb-520e-41b8-874a-bdbb1628534e', 'Wash & Hair SPA', 'Hair Treatment', 30, '50000', 'nominal', '5000', '2026-06-01T00:55:05.116Z');
INSERT INTO services ("id", "outlet_id", "name", "category", "duration", "price", "commission_type", "commission_value", "created_at") VALUES ('b146eb16-f195-43ca-be0a-5279a0b2f671', 'f379bbdb-520e-41b8-874a-bdbb1628534e', 'Fashion Hair Colour', 'Coloring & Styling', 60, '300000', 'nominal', '5000', '2026-06-01T00:55:46.754Z');
INSERT INTO services ("id", "outlet_id", "name", "category", "duration", "price", "commission_type", "commission_value", "created_at") VALUES ('38d8f713-12fe-4b62-a53f-393e208254af', 'f379bbdb-520e-41b8-874a-bdbb1628534e', 'Bleaching', 'Hair Treatment', 45, '150000', 'nominal', '5000', '2026-06-01T00:56:39.267Z');
INSERT INTO services ("id", "outlet_id", "name", "category", "duration", "price", "commission_type", "commission_value", "created_at") VALUES ('0141daf8-fc3a-4fbf-8414-e83245ffec6c', 'f379bbdb-520e-41b8-874a-bdbb1628534e', 'Gentlemans Grooming', 'Haircut & Stying', 40, '50000', 'nominal', '5000', '2026-05-30T20:02:56.751Z');
INSERT INTO services ("id", "outlet_id", "name", "category", "duration", "price", "commission_type", "commission_value", "created_at") VALUES ('f985fc32-f163-42a7-8df8-35d48e3533ad', 'f379bbdb-520e-41b8-874a-bdbb1628534e', 'Gentlemans Grooming & Hair SPA', 'Styling & SPA', 35, '70000', 'nominal', '5000', '2026-06-01T00:48:44.494Z');

INSERT INTO products ("id", "outlet_id", "name", "category", "price", "stock", "created_at") VALUES ('5a34e7d0-3f83-4041-a182-2877445ed6d5', 'f379bbdb-520e-41b8-874a-bdbb1628534e', 'Hairnerds Pomade Paste', 'Pomade', '120000', 10, '2026-05-30T20:04:05.794Z');
INSERT INTO products ("id", "outlet_id", "name", "category", "price", "stock", "created_at") VALUES ('e5074d6c-1558-4904-bb9d-bee8dbbaa96d', 'f379bbdb-520e-41b8-874a-bdbb1628534e', 'Powder Best', 'Pomade', '35000', 10, '2026-06-01T00:57:56.608Z');
INSERT INTO products ("id", "outlet_id", "name", "category", "price", "stock", "created_at") VALUES ('e5345597-7d38-46bc-a57a-9848885faa4b', 'f379bbdb-520e-41b8-874a-bdbb1628534e', 'Curly Foam', 'Hair Styling', '118000', 10, '2026-06-01T00:58:57.976Z');
INSERT INTO products ("id", "outlet_id", "name", "category", "price", "stock", "created_at") VALUES ('5d9d2b95-5fb4-4759-a891-c4b9f5c3b9ba', 'f379bbdb-520e-41b8-874a-bdbb1628534e', 'Hair Tonic Topia 100 ml', 'Tonic', '13000', 10, '2026-06-01T00:59:15.923Z');
INSERT INTO products ("id", "outlet_id", "name", "category", "price", "stock", "created_at") VALUES ('ab15d0bc-4a3c-4b4a-8c99-3ef2c619f685', 'f379bbdb-520e-41b8-874a-bdbb1628534e', 'Vitamin Rambut 30ml', 'Hair Vitamin', '23000', 10, '2026-06-01T01:01:32.822Z');
INSERT INTO products ("id", "outlet_id", "name", "category", "price", "stock", "created_at") VALUES ('7751c916-fd2c-4838-aa3b-582ef137ef39', 'f379bbdb-520e-41b8-874a-bdbb1628534e', 'Hairnerds Pomade Waterbase', 'Pomade', '90000', 10, '2026-06-01T00:57:19.498Z');
INSERT INTO products ("id", "outlet_id", "name", "category", "price", "stock", "created_at") VALUES ('e2e68362-d1da-4059-9aa3-2104807b8d10', 'f379bbdb-520e-41b8-874a-bdbb1628534e', 'Hairnerds Powder', 'Pomade', '93000', 10, '2026-06-01T00:57:39.906Z');
INSERT INTO products ("id", "outlet_id", "name", "category", "price", "stock", "created_at") VALUES ('e8a46bdb-1739-48b8-8dc0-8f9425fdb5b3', 'f379bbdb-520e-41b8-874a-bdbb1628534e', 'Clay Pomade Hairnerds', 'Pomade', '93000', 10, '2026-06-01T00:58:21.793Z');
INSERT INTO products ("id", "outlet_id", "name", "category", "price", "stock", "created_at") VALUES ('7613b7d5-7d6a-4b10-ae40-05bfc1443ce1', 'f379bbdb-520e-41b8-874a-bdbb1628534e', 'Scalp Foam', 'Hair Treatment', '40000', 10, '2026-06-01T01:01:01.818Z');

INSERT INTO kapsters ("id", "outlet_id", "name", "status", "commission_type", "commission_value", "created_at") VALUES ('8536a3d7-a060-4889-9df6-3208beeb4c37', 'f379bbdb-520e-41b8-874a-bdbb1628534e', 'Yoyon Febriantoro', 'active', 'nominal', '5000', '2026-05-29T23:24:23.722Z');

INSERT INTO shifts ("id", "outlet_id", "cashier_id", "start_time", "end_time", "start_cash", "end_cash", "expected_cash", "status") VALUES ('1c341f24-fe6e-4c21-bad5-573f12faaa35', 'f379bbdb-520e-41b8-874a-bdbb1628534e', 'c5cecc8e-12de-45ee-b224-7092058903f2', '2026-06-06T04:32:26.466Z', '2026-06-06T14:19:05.050Z', '60000', '130000', '130000', 'closed');
INSERT INTO shifts ("id", "outlet_id", "cashier_id", "start_time", "end_time", "start_cash", "end_cash", "expected_cash", "status") VALUES ('55d1df59-8523-4c45-9a14-54cecccf85cb', 'f379bbdb-520e-41b8-874a-bdbb1628534e', 'c5cecc8e-12de-45ee-b224-7092058903f2', '2026-06-07T03:11:48.070Z', '2026-06-07T14:07:22.667Z', '60000', '145000', '145000', 'closed');
INSERT INTO shifts ("id", "outlet_id", "cashier_id", "start_time", "end_time", "start_cash", "end_cash", "expected_cash", "status") VALUES ('5f8a4a1d-5eee-43d4-93f5-3636a407cf23', 'f379bbdb-520e-41b8-874a-bdbb1628534e', 'c5cecc8e-12de-45ee-b224-7092058903f2', '2026-06-08T04:05:39.896Z', '2026-06-08T14:47:36.952Z', '60000', '280000', '280000', 'closed');
INSERT INTO shifts ("id", "outlet_id", "cashier_id", "start_time", "end_time", "start_cash", "end_cash", "expected_cash", "status") VALUES ('de30983f-e3f9-4f0d-b896-6da9ab5e431a', 'f379bbdb-520e-41b8-874a-bdbb1628534e', 'c5cecc8e-12de-45ee-b224-7092058903f2', '2026-06-09T03:44:41.973Z', '2026-06-09T14:23:03.968Z', '14000', '169000', '169000', 'closed');
INSERT INTO shifts ("id", "outlet_id", "cashier_id", "start_time", "end_time", "start_cash", "end_cash", "expected_cash", "status") VALUES ('51593553-1ce7-48e6-abc8-1203381f0890', 'f379bbdb-520e-41b8-874a-bdbb1628534e', '5c910e88-661b-4432-908c-acc99c8b31e6', '2026-06-10T03:41:23.689Z', '2026-06-10T14:32:28.282Z', '14', '140000', '140014', 'closed');
INSERT INTO shifts ("id", "outlet_id", "cashier_id", "start_time", "end_time", "start_cash", "end_cash", "expected_cash", "status") VALUES ('829fe110-e62e-408c-93e1-ab2ca65335cd', 'f379bbdb-520e-41b8-874a-bdbb1628534e', '5c910e88-661b-4432-908c-acc99c8b31e6', '2026-06-11T03:24:32.383Z', '2026-06-11T15:09:48.972Z', '14000', '49', '84000', 'closed');
INSERT INTO shifts ("id", "outlet_id", "cashier_id", "start_time", "end_time", "start_cash", "end_cash", "expected_cash", "status") VALUES ('566c4a59-34cd-4fe7-9d30-afe50be3539d', 'f379bbdb-520e-41b8-874a-bdbb1628534e', 'c5cecc8e-12de-45ee-b224-7092058903f2', '2026-06-12T03:32:22.785Z', NULL, '14000', '0', '0', 'open');
INSERT INTO shifts ("id", "outlet_id", "cashier_id", "start_time", "end_time", "start_cash", "end_cash", "expected_cash", "status") VALUES ('bfa112fb-e05d-49f4-88d4-62deb8fc9e9c', 'f379bbdb-520e-41b8-874a-bdbb1628534e', 'd2fff387-917b-414f-9a52-279020290f7b', '2026-06-02T15:35:23.281Z', '2026-06-02T15:37:48.923Z', '425700', '495700', '495700', 'closed');
INSERT INTO shifts ("id", "outlet_id", "cashier_id", "start_time", "end_time", "start_cash", "end_cash", "expected_cash", "status") VALUES ('0faff5c4-4d81-49a3-9dba-5bc4488071a2', 'f379bbdb-520e-41b8-874a-bdbb1628534e', '5c910e88-661b-4432-908c-acc99c8b31e6', '2026-06-03T03:51:28.442Z', '2026-06-05T13:56:45.616Z', '60000', '60000', '60000', 'closed');

INSERT INTO transactions ("id", "outlet_id", "shift_id", "cashier_id", "date", "subtotal", "tax", "tip", "total", "method", "customer_name", "created_at") VALUES ('trx-1780414548950', 'f379bbdb-520e-41b8-874a-bdbb1628534e', 'bfa112fb-e05d-49f4-88d4-62deb8fc9e9c', 'd2fff387-917b-414f-9a52-279020290f7b', '2026-06-02T15:35:48.950Z', '35000', '0', '0', '35000', 'Uang Tunai (Cash)', 'Pelanggan Walk-in', '2026-06-02T15:35:49.080Z');
INSERT INTO transactions ("id", "outlet_id", "shift_id", "cashier_id", "date", "subtotal", "tax", "tip", "total", "method", "customer_name", "created_at") VALUES ('trx-1780414580768', 'f379bbdb-520e-41b8-874a-bdbb1628534e', 'bfa112fb-e05d-49f4-88d4-62deb8fc9e9c', 'd2fff387-917b-414f-9a52-279020290f7b', '2026-06-02T15:36:20.768Z', '35000', '0', '0', '35000', 'QRIS / E-Wallet', 'Pelanggan Walk-in', '2026-06-02T15:36:20.892Z');
INSERT INTO transactions ("id", "outlet_id", "shift_id", "cashier_id", "date", "subtotal", "tax", "tip", "total", "method", "customer_name", "created_at") VALUES ('trx-1780414601923', 'f379bbdb-520e-41b8-874a-bdbb1628534e', 'bfa112fb-e05d-49f4-88d4-62deb8fc9e9c', 'd2fff387-917b-414f-9a52-279020290f7b', '2026-06-02T15:36:41.923Z', '35000', '0', '0', '35000', 'QRIS / E-Wallet', 'Pelanggan Walk-in', '2026-06-02T15:36:42.008Z');
INSERT INTO transactions ("id", "outlet_id", "shift_id", "cashier_id", "date", "subtotal", "tax", "tip", "total", "method", "customer_name", "created_at") VALUES ('trx-1780414635352', 'f379bbdb-520e-41b8-874a-bdbb1628534e', 'bfa112fb-e05d-49f4-88d4-62deb8fc9e9c', 'd2fff387-917b-414f-9a52-279020290f7b', '2026-06-02T15:37:15.352Z', '35000', '0', '0', '35000', 'Uang Tunai (Cash)', 'Pelanggan Walk-in', '2026-06-02T15:37:15.466Z');
INSERT INTO transactions ("id", "outlet_id", "shift_id", "cashier_id", "date", "subtotal", "tax", "tip", "total", "method", "customer_name", "created_at") VALUES ('trx-1780477142257', 'f379bbdb-520e-41b8-874a-bdbb1628534e', '0faff5c4-4d81-49a3-9dba-5bc4488071a2', '5c910e88-661b-4432-908c-acc99c8b31e6', '2026-06-03T08:59:02.257Z', '35000', '0', '0', '35000', 'QRIS / E-Wallet', 'Pelanggan Walk-in', '2026-06-03T08:59:04.987Z');
INSERT INTO transactions ("id", "outlet_id", "shift_id", "cashier_id", "date", "subtotal", "tax", "tip", "total", "method", "customer_name", "created_at") VALUES ('trx-1780485633440', 'f379bbdb-520e-41b8-874a-bdbb1628534e', '0faff5c4-4d81-49a3-9dba-5bc4488071a2', '5c910e88-661b-4432-908c-acc99c8b31e6', '2026-06-03T11:20:33.440Z', '35000', '0', '0', '35000', 'QRIS / E-Wallet', 'Pelanggan Walk-in', '2026-06-03T11:20:36.234Z');
INSERT INTO transactions ("id", "outlet_id", "shift_id", "cashier_id", "date", "subtotal", "tax", "tip", "total", "method", "customer_name", "created_at") VALUES ('trx-1780488473767', 'f379bbdb-520e-41b8-874a-bdbb1628534e', '0faff5c4-4d81-49a3-9dba-5bc4488071a2', '5c910e88-661b-4432-908c-acc99c8b31e6', '2026-06-03T12:07:53.767Z', '35000', '0', '0', '35000', 'QRIS / E-Wallet', 'Pelanggan Walk-in', '2026-06-03T12:07:56.936Z');
INSERT INTO transactions ("id", "outlet_id", "shift_id", "cashier_id", "date", "subtotal", "tax", "tip", "total", "method", "customer_name", "created_at") VALUES ('trx-1780490268868', 'f379bbdb-520e-41b8-874a-bdbb1628534e', '0faff5c4-4d81-49a3-9dba-5bc4488071a2', '5c910e88-661b-4432-908c-acc99c8b31e6', '2026-06-03T12:37:48.868Z', '35000', '0', '0', '35000', 'Uang Tunai (Cash)', 'Pelanggan Walk-in', '2026-06-03T12:37:51.816Z');
INSERT INTO transactions ("id", "outlet_id", "shift_id", "cashier_id", "date", "subtotal", "tax", "tip", "total", "method", "customer_name", "created_at") VALUES ('trx-1780493181949', 'f379bbdb-520e-41b8-874a-bdbb1628534e', '0faff5c4-4d81-49a3-9dba-5bc4488071a2', '5c910e88-661b-4432-908c-acc99c8b31e6', '2026-06-03T13:26:21.949Z', '35000', '0', '0', '35000', 'QRIS / E-Wallet', 'Pelanggan Walk-in', '2026-06-03T13:26:23.724Z');
INSERT INTO transactions ("id", "outlet_id", "shift_id", "cashier_id", "date", "subtotal", "tax", "tip", "total", "method", "customer_name", "created_at") VALUES ('trx-1780495718998', 'f379bbdb-520e-41b8-874a-bdbb1628534e', '0faff5c4-4d81-49a3-9dba-5bc4488071a2', '5c910e88-661b-4432-908c-acc99c8b31e6', '2026-06-03T14:08:38.998Z', '35000', '0', '0', '35000', 'QRIS / E-Wallet', 'Pelanggan Walk-in', '2026-06-03T14:08:41.614Z');
INSERT INTO transactions ("id", "outlet_id", "shift_id", "cashier_id", "date", "subtotal", "tax", "tip", "total", "method", "customer_name", "created_at") VALUES ('trx-1780496028169', 'f379bbdb-520e-41b8-874a-bdbb1628534e', '0faff5c4-4d81-49a3-9dba-5bc4488071a2', '5c910e88-661b-4432-908c-acc99c8b31e6', '2026-06-03T14:13:48.169Z', '50000', '0', '0', '50000', 'QRIS / E-Wallet', 'Pelanggan Walk-in', '2026-06-03T14:13:50.257Z');
INSERT INTO transactions ("id", "outlet_id", "shift_id", "cashier_id", "date", "subtotal", "tax", "tip", "total", "method", "customer_name", "created_at") VALUES ('trx-1780546592003', 'f379bbdb-520e-41b8-874a-bdbb1628534e', '0faff5c4-4d81-49a3-9dba-5bc4488071a2', '5c910e88-661b-4432-908c-acc99c8b31e6', '2026-06-04T04:16:32.003Z', '35000', '0', '0', '35000', 'QRIS / E-Wallet', 'Pelanggan Walk-in', '2026-06-04T04:16:34.658Z');
INSERT INTO transactions ("id", "outlet_id", "shift_id", "cashier_id", "date", "subtotal", "tax", "tip", "total", "method", "customer_name", "created_at") VALUES ('trx-1780553393521', 'f379bbdb-520e-41b8-874a-bdbb1628534e', '0faff5c4-4d81-49a3-9dba-5bc4488071a2', '5c910e88-661b-4432-908c-acc99c8b31e6', '2026-06-04T06:09:53.521Z', '100000', '0', '0', '100000', 'Uang Tunai (Cash)', 'Pelanggan Walk-in', '2026-06-04T06:09:56.253Z');
INSERT INTO transactions ("id", "outlet_id", "shift_id", "cashier_id", "date", "subtotal", "tax", "tip", "total", "method", "customer_name", "created_at") VALUES ('trx-1780567573064', 'f379bbdb-520e-41b8-874a-bdbb1628534e', '0faff5c4-4d81-49a3-9dba-5bc4488071a2', '5c910e88-661b-4432-908c-acc99c8b31e6', '2026-06-04T10:06:13.064Z', '55000', '0', '0', '55000', 'Uang Tunai (Cash)', 'Pelanggan Walk-in', '2026-06-04T10:06:15.897Z');
INSERT INTO transactions ("id", "outlet_id", "shift_id", "cashier_id", "date", "subtotal", "tax", "tip", "total", "method", "customer_name", "created_at") VALUES ('trx-1780573132079', 'f379bbdb-520e-41b8-874a-bdbb1628534e', '0faff5c4-4d81-49a3-9dba-5bc4488071a2', '5c910e88-661b-4432-908c-acc99c8b31e6', '2026-06-04T11:38:52.082Z', '50000', '0', '0', '50000', 'QRIS / E-Wallet', 'Pelanggan Walk-in', '2026-06-04T11:38:55.337Z');
INSERT INTO transactions ("id", "outlet_id", "shift_id", "cashier_id", "date", "subtotal", "tax", "tip", "total", "method", "customer_name", "created_at") VALUES ('trx-1780582993026', 'f379bbdb-520e-41b8-874a-bdbb1628534e', '0faff5c4-4d81-49a3-9dba-5bc4488071a2', '5c910e88-661b-4432-908c-acc99c8b31e6', '2026-06-04T14:23:13.026Z', '50000', '0', '0', '50000', 'QRIS / E-Wallet', 'Pelanggan Walk-in', '2026-06-04T14:23:16.842Z');
INSERT INTO transactions ("id", "outlet_id", "shift_id", "cashier_id", "date", "subtotal", "tax", "tip", "total", "method", "customer_name", "created_at") VALUES ('trx-1780634984171', 'f379bbdb-520e-41b8-874a-bdbb1628534e', '0faff5c4-4d81-49a3-9dba-5bc4488071a2', 'c5cecc8e-12de-45ee-b224-7092058903f2', '2026-06-05T04:49:44.171Z', '70000', '0', '0', '70000', 'QRIS / E-Wallet', 'Pelanggan Walk-in', '2026-06-05T04:49:48.416Z');
INSERT INTO transactions ("id", "outlet_id", "shift_id", "cashier_id", "date", "subtotal", "tax", "tip", "total", "method", "customer_name", "created_at") VALUES ('trx-1780658846061', 'f379bbdb-520e-41b8-874a-bdbb1628534e', '0faff5c4-4d81-49a3-9dba-5bc4488071a2', 'c5cecc8e-12de-45ee-b224-7092058903f2', '2026-06-05T11:27:26.061Z', '35000', '0', '0', '35000', 'QRIS / E-Wallet', 'Pelanggan Walk-in', '2026-06-05T11:27:28.818Z');
INSERT INTO transactions ("id", "outlet_id", "shift_id", "cashier_id", "date", "subtotal", "tax", "tip", "total", "method", "customer_name", "created_at") VALUES ('trx-1780729816838', 'f379bbdb-520e-41b8-874a-bdbb1628534e', '1c341f24-fe6e-4c21-bad5-573f12faaa35', 'c5cecc8e-12de-45ee-b224-7092058903f2', '2026-06-06T07:10:16.839Z', '85000', '0', '0', '85000', 'QRIS / E-Wallet', 'Pelanggan Walk-in', '2026-06-06T07:10:20.054Z');
INSERT INTO transactions ("id", "outlet_id", "shift_id", "cashier_id", "date", "subtotal", "tax", "tip", "total", "method", "customer_name", "created_at") VALUES ('trx-1780733279985', 'f379bbdb-520e-41b8-874a-bdbb1628534e', '1c341f24-fe6e-4c21-bad5-573f12faaa35', 'c5cecc8e-12de-45ee-b224-7092058903f2', '2026-06-06T08:07:59.985Z', '35000', '0', '0', '35000', 'Uang Tunai (Cash)', 'Pelanggan Walk-in', '2026-06-06T08:08:04.766Z');
INSERT INTO transactions ("id", "outlet_id", "shift_id", "cashier_id", "date", "subtotal", "tax", "tip", "total", "method", "customer_name", "created_at") VALUES ('trx-1780737980372', 'f379bbdb-520e-41b8-874a-bdbb1628534e', '1c341f24-fe6e-4c21-bad5-573f12faaa35', 'c5cecc8e-12de-45ee-b224-7092058903f2', '2026-06-06T09:26:20.372Z', '35000', '0', '0', '35000', 'QRIS / E-Wallet', 'Pelanggan Walk-in', '2026-06-06T09:26:22.641Z');
INSERT INTO transactions ("id", "outlet_id", "shift_id", "cashier_id", "date", "subtotal", "tax", "tip", "total", "method", "customer_name", "created_at") VALUES ('trx-1780743848740', 'f379bbdb-520e-41b8-874a-bdbb1628534e', '1c341f24-fe6e-4c21-bad5-573f12faaa35', 'c5cecc8e-12de-45ee-b224-7092058903f2', '2026-06-06T11:04:08.740Z', '35000', '0', '0', '35000', 'QRIS / E-Wallet', 'Pelanggan Walk-in', '2026-06-06T11:04:11.582Z');
INSERT INTO transactions ("id", "outlet_id", "shift_id", "cashier_id", "date", "subtotal", "tax", "tip", "total", "method", "customer_name", "created_at") VALUES ('trx-1780749613567', 'f379bbdb-520e-41b8-874a-bdbb1628534e', '1c341f24-fe6e-4c21-bad5-573f12faaa35', 'c5cecc8e-12de-45ee-b224-7092058903f2', '2026-06-06T12:40:13.567Z', '35000', '0', '0', '35000', 'QRIS / E-Wallet', 'Pelanggan Walk-in', '2026-06-06T12:40:16.689Z');
INSERT INTO transactions ("id", "outlet_id", "shift_id", "cashier_id", "date", "subtotal", "tax", "tip", "total", "method", "customer_name", "created_at") VALUES ('trx-1780752154345', 'f379bbdb-520e-41b8-874a-bdbb1628534e', '1c341f24-fe6e-4c21-bad5-573f12faaa35', 'c5cecc8e-12de-45ee-b224-7092058903f2', '2026-06-06T13:22:34.345Z', '35000', '0', '0', '35000', 'QRIS / E-Wallet', 'Pelanggan Walk-in', '2026-06-06T13:22:37.151Z');
INSERT INTO transactions ("id", "outlet_id", "shift_id", "cashier_id", "date", "subtotal", "tax", "tip", "total", "method", "customer_name", "created_at") VALUES ('trx-1780755361314', 'f379bbdb-520e-41b8-874a-bdbb1628534e', '1c341f24-fe6e-4c21-bad5-573f12faaa35', 'c5cecc8e-12de-45ee-b224-7092058903f2', '2026-06-06T14:16:01.314Z', '35000', '0', '0', '35000', 'Uang Tunai (Cash)', 'Pelanggan Walk-in', '2026-06-06T14:16:04.164Z');
INSERT INTO transactions ("id", "outlet_id", "shift_id", "cashier_id", "date", "subtotal", "tax", "tip", "total", "method", "customer_name", "created_at") VALUES ('trx-1780804816653', 'f379bbdb-520e-41b8-874a-bdbb1628534e', '55d1df59-8523-4c45-9a14-54cecccf85cb', 'c5cecc8e-12de-45ee-b224-7092058903f2', '2026-06-07T04:00:16.653Z', '35000', '0', '0', '35000', 'QRIS / E-Wallet', 'Pelanggan Walk-in', '2026-06-07T04:00:18.037Z');
INSERT INTO transactions ("id", "outlet_id", "shift_id", "cashier_id", "date", "subtotal", "tax", "tip", "total", "method", "customer_name", "created_at") VALUES ('trx-1780807583232', 'f379bbdb-520e-41b8-874a-bdbb1628534e', '55d1df59-8523-4c45-9a14-54cecccf85cb', 'c5cecc8e-12de-45ee-b224-7092058903f2', '2026-06-07T04:46:23.233Z', '50000', '0', '0', '50000', 'QRIS / E-Wallet', 'Pelanggan Walk-in', '2026-06-07T04:46:25.856Z');
INSERT INTO transactions ("id", "outlet_id", "shift_id", "cashier_id", "date", "subtotal", "tax", "tip", "total", "method", "customer_name", "created_at") VALUES ('trx-1780810207582', 'f379bbdb-520e-41b8-874a-bdbb1628534e', '55d1df59-8523-4c45-9a14-54cecccf85cb', 'c5cecc8e-12de-45ee-b224-7092058903f2', '2026-06-07T05:30:07.582Z', '35000', '0', '10000', '45000', 'QRIS / E-Wallet', 'Pelanggan Walk-in', '2026-06-07T05:30:09.629Z');
INSERT INTO transactions ("id", "outlet_id", "shift_id", "cashier_id", "date", "subtotal", "tax", "tip", "total", "method", "customer_name", "created_at") VALUES ('trx-1780818302419', 'f379bbdb-520e-41b8-874a-bdbb1628534e', '55d1df59-8523-4c45-9a14-54cecccf85cb', 'c5cecc8e-12de-45ee-b224-7092058903f2', '2026-06-07T07:45:02.419Z', '105000', '0', '0', '105000', 'QRIS / E-Wallet', 'Pelanggan Walk-in', '2026-06-07T07:45:05.470Z');
INSERT INTO transactions ("id", "outlet_id", "shift_id", "cashier_id", "date", "subtotal", "tax", "tip", "total", "method", "customer_name", "created_at") VALUES ('trx-1780820770621', 'f379bbdb-520e-41b8-874a-bdbb1628534e', '55d1df59-8523-4c45-9a14-54cecccf85cb', 'c5cecc8e-12de-45ee-b224-7092058903f2', '2026-06-07T08:26:10.621Z', '35000', '0', '0', '35000', 'QRIS / E-Wallet', 'Pelanggan Walk-in', '2026-06-07T08:26:13.743Z');
INSERT INTO transactions ("id", "outlet_id", "shift_id", "cashier_id", "date", "subtotal", "tax", "tip", "total", "method", "customer_name", "created_at") VALUES ('trx-1780823177580', 'f379bbdb-520e-41b8-874a-bdbb1628534e', '55d1df59-8523-4c45-9a14-54cecccf85cb', 'c5cecc8e-12de-45ee-b224-7092058903f2', '2026-06-07T09:06:17.580Z', '50000', '0', '0', '50000', 'Uang Tunai (Cash)', 'Pelanggan Walk-in', '2026-06-07T09:06:20.448Z');
INSERT INTO transactions ("id", "outlet_id", "shift_id", "cashier_id", "date", "subtotal", "tax", "tip", "total", "method", "customer_name", "created_at") VALUES ('trx-1780835048197', 'f379bbdb-520e-41b8-874a-bdbb1628534e', '55d1df59-8523-4c45-9a14-54cecccf85cb', 'c5cecc8e-12de-45ee-b224-7092058903f2', '2026-06-07T12:24:08.197Z', '35000', '0', '0', '35000', 'QRIS / E-Wallet', 'Pelanggan Walk-in', '2026-06-07T12:24:11.739Z');
INSERT INTO transactions ("id", "outlet_id", "shift_id", "cashier_id", "date", "subtotal", "tax", "tip", "total", "method", "customer_name", "created_at") VALUES ('trx-1780838341437', 'f379bbdb-520e-41b8-874a-bdbb1628534e', '55d1df59-8523-4c45-9a14-54cecccf85cb', 'c5cecc8e-12de-45ee-b224-7092058903f2', '2026-06-07T13:19:01.437Z', '50000', '0', '10000', '60000', 'QRIS / E-Wallet', 'Pelanggan Walk-in', '2026-06-07T13:19:05.671Z');
INSERT INTO transactions ("id", "outlet_id", "shift_id", "cashier_id", "date", "subtotal", "tax", "tip", "total", "method", "customer_name", "created_at") VALUES ('trx-1780840819475', 'f379bbdb-520e-41b8-874a-bdbb1628534e', '55d1df59-8523-4c45-9a14-54cecccf85cb', 'c5cecc8e-12de-45ee-b224-7092058903f2', '2026-06-07T14:00:19.475Z', '35000', '0', '0', '35000', 'Uang Tunai (Cash)', 'Pelanggan Walk-in', '2026-06-07T14:00:22.667Z');
INSERT INTO transactions ("id", "outlet_id", "shift_id", "cashier_id", "date", "subtotal", "tax", "tip", "total", "method", "customer_name", "created_at") VALUES ('trx-1780893563904', 'f379bbdb-520e-41b8-874a-bdbb1628534e', '5f8a4a1d-5eee-43d4-93f5-3636a407cf23', 'c5cecc8e-12de-45ee-b224-7092058903f2', '2026-06-08T04:39:23.904Z', '35000', '0', '0', '35000', 'Uang Tunai (Cash)', 'Pelanggan Walk-in', '2026-06-08T04:39:27.307Z');
INSERT INTO transactions ("id", "outlet_id", "shift_id", "cashier_id", "date", "subtotal", "tax", "tip", "total", "method", "customer_name", "created_at") VALUES ('trx-1780912881916', 'f379bbdb-520e-41b8-874a-bdbb1628534e', '5f8a4a1d-5eee-43d4-93f5-3636a407cf23', 'c5cecc8e-12de-45ee-b224-7092058903f2', '2026-06-08T10:01:21.916Z', '185000', '0', '0', '185000', 'Uang Tunai (Cash)', 'Pelanggan Walk-in', '2026-06-08T10:01:24.960Z');
INSERT INTO transactions ("id", "outlet_id", "shift_id", "cashier_id", "date", "subtotal", "tax", "tip", "total", "method", "customer_name", "created_at") VALUES ('trx-1780914216860', 'f379bbdb-520e-41b8-874a-bdbb1628534e', '5f8a4a1d-5eee-43d4-93f5-3636a407cf23', 'c5cecc8e-12de-45ee-b224-7092058903f2', '2026-06-08T10:23:36.860Z', '50000', '0', '35000', '85000', 'QRIS / E-Wallet', 'Pelanggan Walk-in', '2026-06-08T10:23:40.781Z');
INSERT INTO transactions ("id", "outlet_id", "shift_id", "cashier_id", "date", "subtotal", "tax", "tip", "total", "method", "customer_name", "created_at") VALUES ('trx-1780926210894', 'f379bbdb-520e-41b8-874a-bdbb1628534e', '5f8a4a1d-5eee-43d4-93f5-3636a407cf23', 'c5cecc8e-12de-45ee-b224-7092058903f2', '2026-06-08T13:43:30.894Z', '50000', '0', '0', '50000', 'QRIS / E-Wallet', 'Pelanggan Walk-in', '2026-06-08T13:43:34.639Z');
INSERT INTO transactions ("id", "outlet_id", "shift_id", "cashier_id", "date", "subtotal", "tax", "tip", "total", "method", "customer_name", "created_at") VALUES ('trx-1780929670720', 'f379bbdb-520e-41b8-874a-bdbb1628534e', '5f8a4a1d-5eee-43d4-93f5-3636a407cf23', 'c5cecc8e-12de-45ee-b224-7092058903f2', '2026-06-08T14:41:10.720Z', '70000', '0', '0', '70000', 'QRIS / E-Wallet', 'Pelanggan Walk-in', '2026-06-08T14:41:13.860Z');
INSERT INTO transactions ("id", "outlet_id", "shift_id", "cashier_id", "date", "subtotal", "tax", "tip", "total", "method", "customer_name", "created_at") VALUES ('trx-1780980572129', 'f379bbdb-520e-41b8-874a-bdbb1628534e', 'de30983f-e3f9-4f0d-b896-6da9ab5e431a', 'c5cecc8e-12de-45ee-b224-7092058903f2', '2026-06-09T04:49:32.129Z', '35000', '0', '0', '35000', 'Uang Tunai (Cash)', 'Pelanggan Walk-in', '2026-06-09T04:49:36.043Z');
INSERT INTO transactions ("id", "outlet_id", "shift_id", "cashier_id", "date", "subtotal", "tax", "tip", "total", "method", "customer_name", "created_at") VALUES ('trx-1780987143744', 'f379bbdb-520e-41b8-874a-bdbb1628534e', 'de30983f-e3f9-4f0d-b896-6da9ab5e431a', 'c5cecc8e-12de-45ee-b224-7092058903f2', '2026-06-09T06:39:03.746Z', '70000', '0', '0', '70000', 'Uang Tunai (Cash)', 'Pelanggan Walk-in', '2026-06-09T06:39:08.441Z');
INSERT INTO transactions ("id", "outlet_id", "shift_id", "cashier_id", "date", "subtotal", "tax", "tip", "total", "method", "customer_name", "created_at") VALUES ('trx-1780994771561', 'f379bbdb-520e-41b8-874a-bdbb1628534e', 'de30983f-e3f9-4f0d-b896-6da9ab5e431a', 'c5cecc8e-12de-45ee-b224-7092058903f2', '2026-06-09T08:46:11.561Z', '50000', '0', '0', '50000', 'Uang Tunai (Cash)', 'Pelanggan Walk-in', '2026-06-09T08:46:14.153Z');
INSERT INTO transactions ("id", "outlet_id", "shift_id", "cashier_id", "date", "subtotal", "tax", "tip", "total", "method", "customer_name", "created_at") VALUES ('trx-1780997100118', 'f379bbdb-520e-41b8-874a-bdbb1628534e', 'de30983f-e3f9-4f0d-b896-6da9ab5e431a', 'c5cecc8e-12de-45ee-b224-7092058903f2', '2026-06-09T09:25:00.118Z', '90000', '0', '0', '90000', 'QRIS / E-Wallet', 'Pelanggan Walk-in', '2026-06-09T09:25:03.645Z');
INSERT INTO transactions ("id", "outlet_id", "shift_id", "cashier_id", "date", "subtotal", "tax", "tip", "total", "method", "customer_name", "created_at") VALUES ('trx-1781004106756', 'f379bbdb-520e-41b8-874a-bdbb1628534e', 'de30983f-e3f9-4f0d-b896-6da9ab5e431a', 'c5cecc8e-12de-45ee-b224-7092058903f2', '2026-06-09T11:21:46.756Z', '35000', '0', '0', '35000', 'QRIS / E-Wallet', 'Pelanggan Walk-in', '2026-06-09T11:21:50.247Z');
INSERT INTO transactions ("id", "outlet_id", "shift_id", "cashier_id", "date", "subtotal", "tax", "tip", "total", "method", "customer_name", "created_at") VALUES ('trx-1781012140012', 'f379bbdb-520e-41b8-874a-bdbb1628534e', 'de30983f-e3f9-4f0d-b896-6da9ab5e431a', 'c5cecc8e-12de-45ee-b224-7092058903f2', '2026-06-09T13:35:40.016Z', '35000', '0', '15000', '50000', 'QRIS / E-Wallet', 'Pelanggan Walk-in', '2026-06-09T13:35:43.769Z');
INSERT INTO transactions ("id", "outlet_id", "shift_id", "cashier_id", "date", "subtotal", "tax", "tip", "total", "method", "customer_name", "created_at") VALUES ('trx-1781014486055', 'f379bbdb-520e-41b8-874a-bdbb1628534e', 'de30983f-e3f9-4f0d-b896-6da9ab5e431a', 'c5cecc8e-12de-45ee-b224-7092058903f2', '2026-06-09T14:14:46.056Z', '35000', '0', '0', '35000', 'QRIS / E-Wallet', 'Pelanggan Walk-in', '2026-06-09T14:14:50.919Z');
INSERT INTO transactions ("id", "outlet_id", "shift_id", "cashier_id", "date", "subtotal", "tax", "tip", "total", "method", "customer_name", "created_at") VALUES ('trx-1781085036230', 'f379bbdb-520e-41b8-874a-bdbb1628534e', '51593553-1ce7-48e6-abc8-1203381f0890', '5c910e88-661b-4432-908c-acc99c8b31e6', '2026-06-10T09:50:36.230Z', '90000', '0', '0', '90000', 'Uang Tunai (Cash)', 'Pelanggan Walk-in', '2026-06-10T09:50:39.395Z');
INSERT INTO transactions ("id", "outlet_id", "shift_id", "cashier_id", "date", "subtotal", "tax", "tip", "total", "method", "customer_name", "created_at") VALUES ('trx-1781088279213', 'f379bbdb-520e-41b8-874a-bdbb1628534e', '51593553-1ce7-48e6-abc8-1203381f0890', '5c910e88-661b-4432-908c-acc99c8b31e6', '2026-06-10T10:44:39.213Z', '35000', '0', '0', '35000', 'QRIS / E-Wallet', 'Pelanggan Walk-in', '2026-06-10T10:44:42.217Z');
INSERT INTO transactions ("id", "outlet_id", "shift_id", "cashier_id", "date", "subtotal", "tax", "tip", "total", "method", "customer_name", "created_at") VALUES ('trx-1781089652267', 'f379bbdb-520e-41b8-874a-bdbb1628534e', '51593553-1ce7-48e6-abc8-1203381f0890', '5c910e88-661b-4432-908c-acc99c8b31e6', '2026-06-10T11:07:32.268Z', '35000', '0', '0', '35000', 'QRIS / E-Wallet', 'Pelanggan Walk-in', '2026-06-10T11:07:35.136Z');
INSERT INTO transactions ("id", "outlet_id", "shift_id", "cashier_id", "date", "subtotal", "tax", "tip", "total", "method", "customer_name", "created_at") VALUES ('trx-1781098592909', 'f379bbdb-520e-41b8-874a-bdbb1628534e', '51593553-1ce7-48e6-abc8-1203381f0890', '5c910e88-661b-4432-908c-acc99c8b31e6', '2026-06-10T13:36:32.909Z', '35000', '0', '0', '35000', 'QRIS / E-Wallet', 'Pelanggan Walk-in', '2026-06-10T13:36:35.711Z');
INSERT INTO transactions ("id", "outlet_id", "shift_id", "cashier_id", "date", "subtotal", "tax", "tip", "total", "method", "customer_name", "created_at") VALUES ('trx-1781101704171', 'f379bbdb-520e-41b8-874a-bdbb1628534e', '51593553-1ce7-48e6-abc8-1203381f0890', '5c910e88-661b-4432-908c-acc99c8b31e6', '2026-06-10T14:28:24.171Z', '50000', '0', '0', '50000', 'Uang Tunai (Cash)', 'Pelanggan Walk-in', '2026-06-10T14:28:27.167Z');
INSERT INTO transactions ("id", "outlet_id", "shift_id", "cashier_id", "date", "subtotal", "tax", "tip", "total", "method", "customer_name", "created_at") VALUES ('trx-1781149874458', 'f379bbdb-520e-41b8-874a-bdbb1628534e', '829fe110-e62e-408c-93e1-ab2ca65335cd', '5c910e88-661b-4432-908c-acc99c8b31e6', '2026-06-11T03:51:14.458Z', '35000', '0', '0', '35000', 'QRIS / E-Wallet', 'Pelanggan Walk-in', '2026-06-11T03:51:19.320Z');
INSERT INTO transactions ("id", "outlet_id", "shift_id", "cashier_id", "date", "subtotal", "tax", "tip", "total", "method", "customer_name", "created_at") VALUES ('trx-1781154759389', 'f379bbdb-520e-41b8-874a-bdbb1628534e', '829fe110-e62e-408c-93e1-ab2ca65335cd', '5c910e88-661b-4432-908c-acc99c8b31e6', '2026-06-11T05:12:39.389Z', '50000', '0', '0', '50000', 'QRIS / E-Wallet', 'Pelanggan Walk-in', '2026-06-11T05:12:43.762Z');
INSERT INTO transactions ("id", "outlet_id", "shift_id", "cashier_id", "date", "subtotal", "tax", "tip", "total", "method", "customer_name", "created_at") VALUES ('trx-1781161262318', 'f379bbdb-520e-41b8-874a-bdbb1628534e', '829fe110-e62e-408c-93e1-ab2ca65335cd', '5c910e88-661b-4432-908c-acc99c8b31e6', '2026-06-11T07:01:02.318Z', '70000', '0', '0', '70000', 'QRIS / E-Wallet', 'Pelanggan Walk-in', '2026-06-11T07:01:05.921Z');
INSERT INTO transactions ("id", "outlet_id", "shift_id", "cashier_id", "date", "subtotal", "tax", "tip", "total", "method", "customer_name", "created_at") VALUES ('trx-1781174139069', 'f379bbdb-520e-41b8-874a-bdbb1628534e', '829fe110-e62e-408c-93e1-ab2ca65335cd', '5c910e88-661b-4432-908c-acc99c8b31e6', '2026-06-11T10:35:39.069Z', '35000', '0', '0', '35000', 'QRIS / E-Wallet', 'Pelanggan Walk-in', '2026-06-11T10:35:41.646Z');
INSERT INTO transactions ("id", "outlet_id", "shift_id", "cashier_id", "date", "subtotal", "tax", "tip", "total", "method", "customer_name", "created_at") VALUES ('trx-1781180089228', 'f379bbdb-520e-41b8-874a-bdbb1628534e', '829fe110-e62e-408c-93e1-ab2ca65335cd', '5c910e88-661b-4432-908c-acc99c8b31e6', '2026-06-11T12:14:49.228Z', '35000', '0', '0', '35000', 'Uang Tunai (Cash)', 'Pelanggan Walk-in', '2026-06-11T12:14:54.259Z');
INSERT INTO transactions ("id", "outlet_id", "shift_id", "cashier_id", "date", "subtotal", "tax", "tip", "total", "method", "customer_name", "created_at") VALUES ('trx-1781185958196', 'f379bbdb-520e-41b8-874a-bdbb1628534e', '829fe110-e62e-408c-93e1-ab2ca65335cd', '5c910e88-661b-4432-908c-acc99c8b31e6', '2026-06-11T13:52:38.196Z', '85000', '0', '0', '85000', 'QRIS / E-Wallet', 'Pelanggan Walk-in', '2026-06-11T13:52:42.613Z');
INSERT INTO transactions ("id", "outlet_id", "shift_id", "cashier_id", "date", "subtotal", "tax", "tip", "total", "method", "customer_name", "created_at") VALUES ('trx-1781189557995', 'f379bbdb-520e-41b8-874a-bdbb1628534e', '829fe110-e62e-408c-93e1-ab2ca65335cd', '5c910e88-661b-4432-908c-acc99c8b31e6', '2026-06-11T14:52:37.995Z', '35000', '0', '0', '35000', 'QRIS / E-Wallet', 'Pelanggan Walk-in', '2026-06-11T14:52:41.396Z');

INSERT INTO transaction_items ("id", "transaction_id", "name", "price", "qty", "type", "kapster_id", "commission_type", "commission_value", "created_at") VALUES ('3352f8a8-32a7-42af-b9bd-9aa315559d03', 'trx-1780414548950', 'Hair Cutting', '35000', 1, 'service', '8536a3d7-a060-4889-9df6-3208beeb4c37', 'nominal', '5000', '2026-06-02T15:35:49.168Z');
INSERT INTO transaction_items ("id", "transaction_id", "name", "price", "qty", "type", "kapster_id", "commission_type", "commission_value", "created_at") VALUES ('9c927219-3536-4fed-998d-4b99c7d1ca9f', 'trx-1780414580768', 'Hair Cutting', '35000', 1, 'service', '8536a3d7-a060-4889-9df6-3208beeb4c37', 'nominal', '5000', '2026-06-02T15:36:20.979Z');
INSERT INTO transaction_items ("id", "transaction_id", "name", "price", "qty", "type", "kapster_id", "commission_type", "commission_value", "created_at") VALUES ('1f8e3e09-c3e1-40e8-a6a8-642ebf9a9e6b', 'trx-1780414601923', 'Hair Cutting', '35000', 1, 'service', '8536a3d7-a060-4889-9df6-3208beeb4c37', 'nominal', '5000', '2026-06-02T15:36:42.103Z');
INSERT INTO transaction_items ("id", "transaction_id", "name", "price", "qty", "type", "kapster_id", "commission_type", "commission_value", "created_at") VALUES ('308a64bc-c6c7-4f8a-a564-527c2737e78a', 'trx-1780414635352', 'Hair Cutting', '35000', 1, 'service', '8536a3d7-a060-4889-9df6-3208beeb4c37', 'nominal', '5000', '2026-06-02T15:37:15.553Z');
INSERT INTO transaction_items ("id", "transaction_id", "name", "price", "qty", "type", "kapster_id", "commission_type", "commission_value", "created_at") VALUES ('7bf71e45-9c93-43bd-8db8-ceb8ccb90c25', 'trx-1780477142257', 'Kids Hair Cut', '35000', 1, 'service', '8536a3d7-a060-4889-9df6-3208beeb4c37', 'nominal', '5000', '2026-06-03T08:59:05.130Z');
INSERT INTO transaction_items ("id", "transaction_id", "name", "price", "qty", "type", "kapster_id", "commission_type", "commission_value", "created_at") VALUES ('3fe87fb3-e0f7-49c6-a9d4-fd55b9b6e5c1', 'trx-1780485633440', 'Kids Hair Cut', '35000', 1, 'service', '8536a3d7-a060-4889-9df6-3208beeb4c37', 'nominal', '5000', '2026-06-03T11:20:36.385Z');
INSERT INTO transaction_items ("id", "transaction_id", "name", "price", "qty", "type", "kapster_id", "commission_type", "commission_value", "created_at") VALUES ('3c161855-496b-4ea2-9d06-9c31b57a6a57', 'trx-1780488473767', 'Kids Hair Cut', '35000', 1, 'service', '8536a3d7-a060-4889-9df6-3208beeb4c37', 'nominal', '5000', '2026-06-03T12:07:57.064Z');
INSERT INTO transaction_items ("id", "transaction_id", "name", "price", "qty", "type", "kapster_id", "commission_type", "commission_value", "created_at") VALUES ('a74bf14c-b3f6-4c7f-a912-367d583b159e', 'trx-1780490268868', 'Kids Hair Cut', '35000', 1, 'service', '8536a3d7-a060-4889-9df6-3208beeb4c37', 'nominal', '5000', '2026-06-03T12:37:51.953Z');
INSERT INTO transaction_items ("id", "transaction_id", "name", "price", "qty", "type", "kapster_id", "commission_type", "commission_value", "created_at") VALUES ('4b5c3596-ed14-4734-8ba7-53de2e274496', 'trx-1780493181949', 'Kids Hair Cut', '35000', 1, 'service', '8536a3d7-a060-4889-9df6-3208beeb4c37', 'nominal', '5000', '2026-06-03T13:26:23.875Z');
INSERT INTO transaction_items ("id", "transaction_id", "name", "price", "qty", "type", "kapster_id", "commission_type", "commission_value", "created_at") VALUES ('454c26df-45a6-4b91-a2ea-f390beec78f1', 'trx-1780495718998', 'Kids Hair Cut', '35000', 1, 'service', '8536a3d7-a060-4889-9df6-3208beeb4c37', 'nominal', '5000', '2026-06-03T14:08:41.757Z');
INSERT INTO transaction_items ("id", "transaction_id", "name", "price", "qty", "type", "kapster_id", "commission_type", "commission_value", "created_at") VALUES ('006029e3-c7f9-4fed-af4b-454ddab50155', 'trx-1780496028169', 'Gentelmens Grooming', '50000', 1, 'service', '8536a3d7-a060-4889-9df6-3208beeb4c37', 'nominal', '5000', '2026-06-03T14:13:50.383Z');
INSERT INTO transaction_items ("id", "transaction_id", "name", "price", "qty", "type", "kapster_id", "commission_type", "commission_value", "created_at") VALUES ('43890be8-4e55-4b8b-aabb-533bd362ab20', 'trx-1780546592003', 'Kids Hair Cut', '35000', 1, 'service', '8536a3d7-a060-4889-9df6-3208beeb4c37', 'nominal', '5000', '2026-06-04T04:16:34.807Z');
INSERT INTO transaction_items ("id", "transaction_id", "name", "price", "qty", "type", "kapster_id", "commission_type", "commission_value", "created_at") VALUES ('d8b17cd9-9ab8-4d82-aaf6-f64156b5ced6', 'trx-1780553393521', 'Gentlemans Grooming', '50000', 2, 'service', '8536a3d7-a060-4889-9df6-3208beeb4c37', 'nominal', '5000', '2026-06-04T06:09:56.391Z');
INSERT INTO transaction_items ("id", "transaction_id", "name", "price", "qty", "type", "kapster_id", "commission_type", "commission_value", "created_at") VALUES ('a66d10f1-0df5-4960-b0da-313692f03cc1', 'trx-1780567573064', 'Hair Cutting', '35000', 1, 'service', '8536a3d7-a060-4889-9df6-3208beeb4c37', 'nominal', '5000', '2026-06-04T10:06:16.036Z');
INSERT INTO transaction_items ("id", "transaction_id", "name", "price", "qty", "type", "kapster_id", "commission_type", "commission_value", "created_at") VALUES ('6e083d42-6da6-45ee-bc40-9c9b5e189539', 'trx-1780567573064', 'Shaving', '20000', 1, 'service', '8536a3d7-a060-4889-9df6-3208beeb4c37', 'nominal', '5000', '2026-06-04T10:06:16.036Z');
INSERT INTO transaction_items ("id", "transaction_id", "name", "price", "qty", "type", "kapster_id", "commission_type", "commission_value", "created_at") VALUES ('5e4e2092-9c5b-4c2b-96ca-14cf4f0388eb', 'trx-1780573132079', 'Gentlemans Grooming', '50000', 1, 'service', '8536a3d7-a060-4889-9df6-3208beeb4c37', 'nominal', '5000', '2026-06-04T11:38:55.500Z');
INSERT INTO transaction_items ("id", "transaction_id", "name", "price", "qty", "type", "kapster_id", "commission_type", "commission_value", "created_at") VALUES ('9b75b483-0fff-4519-ace8-d49000466c77', 'trx-1780582993026', 'Gentlemans Grooming', '50000', 1, 'service', '8536a3d7-a060-4889-9df6-3208beeb4c37', 'nominal', '5000', '2026-06-04T14:23:16.987Z');
INSERT INTO transaction_items ("id", "transaction_id", "name", "price", "qty", "type", "kapster_id", "commission_type", "commission_value", "created_at") VALUES ('0d391a66-427c-4922-a3ac-5e21b31ab473', 'trx-1780634984171', 'Gentlemans Grooming & Hair SPA', '70000', 1, 'service', '8536a3d7-a060-4889-9df6-3208beeb4c37', 'nominal', '5000', '2026-06-05T04:49:48.528Z');
INSERT INTO transaction_items ("id", "transaction_id", "name", "price", "qty", "type", "kapster_id", "commission_type", "commission_value", "created_at") VALUES ('650eeedc-9ad3-4d89-bab5-b0e66b40cc64', 'trx-1780658846061', 'Hair Cutting', '35000', 1, 'service', '8536a3d7-a060-4889-9df6-3208beeb4c37', 'nominal', '5000', '2026-06-05T11:27:28.952Z');
INSERT INTO transaction_items ("id", "transaction_id", "name", "price", "qty", "type", "kapster_id", "commission_type", "commission_value", "created_at") VALUES ('88bfe387-d49b-416f-a8bc-447b57c1ba4d', 'trx-1780729816838', 'Kids Hair Cut', '35000', 1, 'service', '8536a3d7-a060-4889-9df6-3208beeb4c37', 'nominal', '5000', '2026-06-06T07:10:20.204Z');
INSERT INTO transaction_items ("id", "transaction_id", "name", "price", "qty", "type", "kapster_id", "commission_type", "commission_value", "created_at") VALUES ('e0f9a416-8c60-4d0e-abfb-bda0fe25a567', 'trx-1780729816838', 'Gentlemans Grooming', '50000', 1, 'service', '8536a3d7-a060-4889-9df6-3208beeb4c37', 'nominal', '5000', '2026-06-06T07:10:20.204Z');
INSERT INTO transaction_items ("id", "transaction_id", "name", "price", "qty", "type", "kapster_id", "commission_type", "commission_value", "created_at") VALUES ('a17b5037-ae0a-468c-835d-db57c10d4e31', 'trx-1780733279985', 'Hair Cutting', '35000', 1, 'service', '8536a3d7-a060-4889-9df6-3208beeb4c37', 'nominal', '5000', '2026-06-06T08:08:04.882Z');
INSERT INTO transaction_items ("id", "transaction_id", "name", "price", "qty", "type", "kapster_id", "commission_type", "commission_value", "created_at") VALUES ('c16faa33-3524-42fc-82b1-ec88cbffc848', 'trx-1780737980372', 'Hair Cutting', '35000', 1, 'service', '8536a3d7-a060-4889-9df6-3208beeb4c37', 'nominal', '5000', '2026-06-06T09:26:22.776Z');
INSERT INTO transaction_items ("id", "transaction_id", "name", "price", "qty", "type", "kapster_id", "commission_type", "commission_value", "created_at") VALUES ('58c2d744-2bed-4479-a17d-a81b95e06e04', 'trx-1780743848740', 'Hair Cutting', '35000', 1, 'service', '8536a3d7-a060-4889-9df6-3208beeb4c37', 'nominal', '5000', '2026-06-06T11:04:11.731Z');
INSERT INTO transaction_items ("id", "transaction_id", "name", "price", "qty", "type", "kapster_id", "commission_type", "commission_value", "created_at") VALUES ('3904fbba-6191-454f-895f-2576b728416a', 'trx-1780749613567', 'Hair Cutting', '35000', 1, 'service', '8536a3d7-a060-4889-9df6-3208beeb4c37', 'nominal', '5000', '2026-06-06T12:40:16.832Z');
INSERT INTO transaction_items ("id", "transaction_id", "name", "price", "qty", "type", "kapster_id", "commission_type", "commission_value", "created_at") VALUES ('f1c05bf3-c007-4eb8-a6f2-78cbe0d9eae4', 'trx-1780752154345', 'Hair Cutting', '35000', 1, 'service', '8536a3d7-a060-4889-9df6-3208beeb4c37', 'nominal', '5000', '2026-06-06T13:22:37.280Z');
INSERT INTO transaction_items ("id", "transaction_id", "name", "price", "qty", "type", "kapster_id", "commission_type", "commission_value", "created_at") VALUES ('ca9c3488-e80d-45da-8ce0-eb47cfc05cc5', 'trx-1780755361314', 'Hair Cutting', '35000', 1, 'service', '8536a3d7-a060-4889-9df6-3208beeb4c37', 'nominal', '5000', '2026-06-06T14:16:04.297Z');
INSERT INTO transaction_items ("id", "transaction_id", "name", "price", "qty", "type", "kapster_id", "commission_type", "commission_value", "created_at") VALUES ('c65fb4ef-b637-43b3-a8ca-bbac428482aa', 'trx-1780804816653', 'Hair Cutting', '35000', 1, 'service', '8536a3d7-a060-4889-9df6-3208beeb4c37', 'nominal', '5000', '2026-06-07T04:00:18.180Z');
INSERT INTO transaction_items ("id", "transaction_id", "name", "price", "qty", "type", "kapster_id", "commission_type", "commission_value", "created_at") VALUES ('8607d329-a08b-4222-81ad-1c6dee787c3f', 'trx-1780807583232', 'Gentlemans Grooming', '50000', 1, 'service', '8536a3d7-a060-4889-9df6-3208beeb4c37', 'nominal', '5000', '2026-06-07T04:46:26.006Z');
INSERT INTO transaction_items ("id", "transaction_id", "name", "price", "qty", "type", "kapster_id", "commission_type", "commission_value", "created_at") VALUES ('82de2577-6080-4a3c-aae4-00df3ccfe310', 'trx-1780810207582', 'Hair Cutting', '35000', 1, 'service', '8536a3d7-a060-4889-9df6-3208beeb4c37', 'nominal', '5000', '2026-06-07T05:30:09.766Z');
INSERT INTO transaction_items ("id", "transaction_id", "name", "price", "qty", "type", "kapster_id", "commission_type", "commission_value", "created_at") VALUES ('46bea8eb-4f25-4ec1-b7e4-64e0d57e8e3f', 'trx-1780818302419', 'Kids Hair Cut', '35000', 2, 'service', '8536a3d7-a060-4889-9df6-3208beeb4c37', 'nominal', '5000', '2026-06-07T07:45:05.604Z');
INSERT INTO transaction_items ("id", "transaction_id", "name", "price", "qty", "type", "kapster_id", "commission_type", "commission_value", "created_at") VALUES ('27ac2e7f-654b-4d0b-85cc-f666de09c241', 'trx-1780818302419', 'Hair Cutting', '35000', 1, 'service', '8536a3d7-a060-4889-9df6-3208beeb4c37', 'nominal', '5000', '2026-06-07T07:45:05.604Z');
INSERT INTO transaction_items ("id", "transaction_id", "name", "price", "qty", "type", "kapster_id", "commission_type", "commission_value", "created_at") VALUES ('314dd5e6-dad3-464e-a11e-82e584301a40', 'trx-1780820770621', 'Hair Cutting', '35000', 1, 'service', '8536a3d7-a060-4889-9df6-3208beeb4c37', 'nominal', '5000', '2026-06-07T08:26:13.873Z');
INSERT INTO transaction_items ("id", "transaction_id", "name", "price", "qty", "type", "kapster_id", "commission_type", "commission_value", "created_at") VALUES ('4226a4d6-4944-4004-86f3-990f97af9321', 'trx-1780823177580', 'Gentlemans Grooming', '50000', 1, 'service', '8536a3d7-a060-4889-9df6-3208beeb4c37', 'nominal', '5000', '2026-06-07T09:06:20.581Z');
INSERT INTO transaction_items ("id", "transaction_id", "name", "price", "qty", "type", "kapster_id", "commission_type", "commission_value", "created_at") VALUES ('31aa0e98-7937-4701-aac5-4be6f0faeeaf', 'trx-1780835048197', 'Hair Cutting', '35000', 1, 'service', '8536a3d7-a060-4889-9df6-3208beeb4c37', 'nominal', '5000', '2026-06-07T12:24:11.877Z');
INSERT INTO transaction_items ("id", "transaction_id", "name", "price", "qty", "type", "kapster_id", "commission_type", "commission_value", "created_at") VALUES ('eeb448dd-916f-49a4-aafb-8fc2ad6a1a33', 'trx-1780838341437', 'Gentlemans Grooming', '50000', 1, 'service', '8536a3d7-a060-4889-9df6-3208beeb4c37', 'nominal', '5000', '2026-06-07T13:19:05.803Z');
INSERT INTO transaction_items ("id", "transaction_id", "name", "price", "qty", "type", "kapster_id", "commission_type", "commission_value", "created_at") VALUES ('212684d9-9a75-4b54-99b6-49737a92512f', 'trx-1780840819475', 'Hair Cutting', '35000', 1, 'service', '8536a3d7-a060-4889-9df6-3208beeb4c37', 'nominal', '5000', '2026-06-07T14:00:22.793Z');
INSERT INTO transaction_items ("id", "transaction_id", "name", "price", "qty", "type", "kapster_id", "commission_type", "commission_value", "created_at") VALUES ('0dc09c8b-f98d-41af-9d38-e68468599c54', 'trx-1780893563904', 'Hair Cutting', '35000', 1, 'service', '8536a3d7-a060-4889-9df6-3208beeb4c37', 'nominal', '5000', '2026-06-08T04:39:27.455Z');
INSERT INTO transaction_items ("id", "transaction_id", "name", "price", "qty", "type", "kapster_id", "commission_type", "commission_value", "created_at") VALUES ('1b33dedd-c25e-4106-aa1d-40d28e9bdf9f', 'trx-1780912881916', 'Hair Cutting', '35000', 1, 'service', '8536a3d7-a060-4889-9df6-3208beeb4c37', 'nominal', '5000', '2026-06-08T10:01:25.100Z');
INSERT INTO transaction_items ("id", "transaction_id", "name", "price", "qty", "type", "kapster_id", "commission_type", "commission_value", "created_at") VALUES ('369e998d-646c-4bf6-8b54-1bb913cc59b8', 'trx-1780912881916', 'Bleaching', '150000', 1, 'service', '8536a3d7-a060-4889-9df6-3208beeb4c37', 'nominal', '5000', '2026-06-08T10:01:25.100Z');
INSERT INTO transaction_items ("id", "transaction_id", "name", "price", "qty", "type", "kapster_id", "commission_type", "commission_value", "created_at") VALUES ('bf41d9d4-9781-4ff5-87f3-0ecd2ba848da', 'trx-1780914216860', 'Gentlemans Grooming', '50000', 1, 'service', '8536a3d7-a060-4889-9df6-3208beeb4c37', 'nominal', '5000', '2026-06-08T10:23:40.910Z');
INSERT INTO transaction_items ("id", "transaction_id", "name", "price", "qty", "type", "kapster_id", "commission_type", "commission_value", "created_at") VALUES ('f9663070-addd-4729-8b41-30cd9a9e3c8c', 'trx-1780926210894', 'Gentlemans Grooming', '50000', 1, 'service', '8536a3d7-a060-4889-9df6-3208beeb4c37', 'nominal', '5000', '2026-06-08T13:43:34.867Z');
INSERT INTO transaction_items ("id", "transaction_id", "name", "price", "qty", "type", "kapster_id", "commission_type", "commission_value", "created_at") VALUES ('32fb65a2-6f95-4f5e-bf0b-0597d1e01d3f', 'trx-1780929670720', 'Kids Hair Cut', '35000', 2, 'service', '8536a3d7-a060-4889-9df6-3208beeb4c37', 'nominal', '5000', '2026-06-08T14:41:13.989Z');
INSERT INTO transaction_items ("id", "transaction_id", "name", "price", "qty", "type", "kapster_id", "commission_type", "commission_value", "created_at") VALUES ('7756a40d-682f-48e0-b491-7f6bb72caab4', 'trx-1780980572129', 'Hair Cutting', '35000', 1, 'service', '8536a3d7-a060-4889-9df6-3208beeb4c37', 'nominal', '5000', '2026-06-09T04:49:36.194Z');
INSERT INTO transaction_items ("id", "transaction_id", "name", "price", "qty", "type", "kapster_id", "commission_type", "commission_value", "created_at") VALUES ('dc77ae1f-9186-458e-8843-7a396c8f906f', 'trx-1780987143744', 'Hair Cutting', '35000', 2, 'service', '8536a3d7-a060-4889-9df6-3208beeb4c37', 'nominal', '5000', '2026-06-09T06:39:08.587Z');
INSERT INTO transaction_items ("id", "transaction_id", "name", "price", "qty", "type", "kapster_id", "commission_type", "commission_value", "created_at") VALUES ('70d941ba-e4c6-4c67-913f-1824e3b51d71', 'trx-1780994771561', 'Gentlemans Grooming', '50000', 1, 'service', '8536a3d7-a060-4889-9df6-3208beeb4c37', 'nominal', '5000', '2026-06-09T08:46:14.289Z');
INSERT INTO transaction_items ("id", "transaction_id", "name", "price", "qty", "type", "kapster_id", "commission_type", "commission_value", "created_at") VALUES ('7298a442-ca00-44b1-99f0-16890df55d15', 'trx-1780997100118', 'Hair Cutting', '35000', 2, 'service', '8536a3d7-a060-4889-9df6-3208beeb4c37', 'nominal', '5000', '2026-06-09T09:25:03.752Z');
INSERT INTO transaction_items ("id", "transaction_id", "name", "price", "qty", "type", "kapster_id", "commission_type", "commission_value", "created_at") VALUES ('6785a338-2e09-4794-8660-491b9e1a63b7', 'trx-1780997100118', 'Shaving', '20000', 1, 'service', '8536a3d7-a060-4889-9df6-3208beeb4c37', 'nominal', '5000', '2026-06-09T09:25:03.752Z');
INSERT INTO transaction_items ("id", "transaction_id", "name", "price", "qty", "type", "kapster_id", "commission_type", "commission_value", "created_at") VALUES ('9c9a77dd-ecec-447d-a1c9-9581b0989ac2', 'trx-1781004106756', 'Hair Cutting', '35000', 1, 'service', '8536a3d7-a060-4889-9df6-3208beeb4c37', 'nominal', '5000', '2026-06-09T11:21:50.371Z');
INSERT INTO transaction_items ("id", "transaction_id", "name", "price", "qty", "type", "kapster_id", "commission_type", "commission_value", "created_at") VALUES ('6f93836d-01d0-45a2-99ce-7f2465958e14', 'trx-1781012140012', 'Kids Hair Cut', '35000', 1, 'service', '8536a3d7-a060-4889-9df6-3208beeb4c37', 'nominal', '5000', '2026-06-09T13:35:43.903Z');
INSERT INTO transaction_items ("id", "transaction_id", "name", "price", "qty", "type", "kapster_id", "commission_type", "commission_value", "created_at") VALUES ('af6c0b31-2fec-4d1b-b846-151d605b6bcb', 'trx-1781014486055', 'Hair Cutting', '35000', 1, 'service', '8536a3d7-a060-4889-9df6-3208beeb4c37', 'nominal', '5000', '2026-06-09T14:14:51.059Z');
INSERT INTO transaction_items ("id", "transaction_id", "name", "price", "qty", "type", "kapster_id", "commission_type", "commission_value", "created_at") VALUES ('38ba1e49-e4bb-451c-adb6-4d0b5a13ab00', 'trx-1781085036230', 'Gentlemans Grooming & Hair SPA', '70000', 1, 'service', '8536a3d7-a060-4889-9df6-3208beeb4c37', 'nominal', '5000', '2026-06-10T09:50:39.542Z');
INSERT INTO transaction_items ("id", "transaction_id", "name", "price", "qty", "type", "kapster_id", "commission_type", "commission_value", "created_at") VALUES ('c6f6612b-50b1-4904-9075-e269f992b533', 'trx-1781085036230', 'Shaving', '20000', 1, 'service', '8536a3d7-a060-4889-9df6-3208beeb4c37', 'nominal', '5000', '2026-06-10T09:50:39.542Z');
INSERT INTO transaction_items ("id", "transaction_id", "name", "price", "qty", "type", "kapster_id", "commission_type", "commission_value", "created_at") VALUES ('67edf82c-de1c-406a-91c6-5210904ada90', 'trx-1781088279213', 'Hair Cutting', '35000', 1, 'service', '8536a3d7-a060-4889-9df6-3208beeb4c37', 'nominal', '5000', '2026-06-10T10:44:42.364Z');
INSERT INTO transaction_items ("id", "transaction_id", "name", "price", "qty", "type", "kapster_id", "commission_type", "commission_value", "created_at") VALUES ('b512c9da-85d2-4e0a-a585-bbeba42f3118', 'trx-1781089652267', 'Hair Cutting', '35000', 1, 'service', '8536a3d7-a060-4889-9df6-3208beeb4c37', 'nominal', '5000', '2026-06-10T11:07:35.271Z');
INSERT INTO transaction_items ("id", "transaction_id", "name", "price", "qty", "type", "kapster_id", "commission_type", "commission_value", "created_at") VALUES ('3faf56e1-d7b3-4d7a-b916-c6e5ba2dc380', 'trx-1781098592909', 'Hair Cutting', '35000', 1, 'service', '8536a3d7-a060-4889-9df6-3208beeb4c37', 'nominal', '5000', '2026-06-10T13:36:35.856Z');
INSERT INTO transaction_items ("id", "transaction_id", "name", "price", "qty", "type", "kapster_id", "commission_type", "commission_value", "created_at") VALUES ('3a4e2592-0658-465e-804d-35cfea76c879', 'trx-1781101704171', 'Gentlemans Grooming', '50000', 1, 'service', '8536a3d7-a060-4889-9df6-3208beeb4c37', 'nominal', '5000', '2026-06-10T14:28:27.328Z');
INSERT INTO transaction_items ("id", "transaction_id", "name", "price", "qty", "type", "kapster_id", "commission_type", "commission_value", "created_at") VALUES ('6dd82184-8ef4-4784-aa46-0d74350a7560', 'trx-1781149874458', 'Kids Hair Cut', '35000', 1, 'service', '8536a3d7-a060-4889-9df6-3208beeb4c37', 'nominal', '5000', '2026-06-11T03:51:19.475Z');
INSERT INTO transaction_items ("id", "transaction_id", "name", "price", "qty", "type", "kapster_id", "commission_type", "commission_value", "created_at") VALUES ('3a4bc62a-50cf-496e-9676-c57bac177f3e', 'trx-1781154759389', 'Gentlemans Grooming', '50000', 1, 'service', '8536a3d7-a060-4889-9df6-3208beeb4c37', 'nominal', '5000', '2026-06-11T05:12:43.905Z');
INSERT INTO transaction_items ("id", "transaction_id", "name", "price", "qty", "type", "kapster_id", "commission_type", "commission_value", "created_at") VALUES ('7c2c371d-89ad-4d4f-8863-d567af4aaa74', 'trx-1781161262318', 'Kids Hair Cut', '35000', 1, 'service', '8536a3d7-a060-4889-9df6-3208beeb4c37', 'nominal', '5000', '2026-06-11T07:01:06.059Z');
INSERT INTO transaction_items ("id", "transaction_id", "name", "price", "qty", "type", "kapster_id", "commission_type", "commission_value", "created_at") VALUES ('d34ee567-e4fe-438d-9905-a10dcd0a42c2', 'trx-1781161262318', 'Hair Cutting', '35000', 1, 'service', '8536a3d7-a060-4889-9df6-3208beeb4c37', 'nominal', '5000', '2026-06-11T07:01:06.059Z');
INSERT INTO transaction_items ("id", "transaction_id", "name", "price", "qty", "type", "kapster_id", "commission_type", "commission_value", "created_at") VALUES ('b6e114d5-b934-471f-8b8f-86389f71b382', 'trx-1781174139069', 'Hair Cutting', '35000', 1, 'service', '8536a3d7-a060-4889-9df6-3208beeb4c37', 'nominal', '5000', '2026-06-11T10:35:41.762Z');
INSERT INTO transaction_items ("id", "transaction_id", "name", "price", "qty", "type", "kapster_id", "commission_type", "commission_value", "created_at") VALUES ('0c911273-1f6c-4339-8098-82f446d41113', 'trx-1781180089228', 'Hair Cutting', '35000', 1, 'service', '8536a3d7-a060-4889-9df6-3208beeb4c37', 'nominal', '5000', '2026-06-11T12:14:54.411Z');
INSERT INTO transaction_items ("id", "transaction_id", "name", "price", "qty", "type", "kapster_id", "commission_type", "commission_value", "created_at") VALUES ('21e6231a-c638-4356-a36e-8dd6b4704902', 'trx-1781185958196', 'Kids Hair Cut', '35000', 1, 'service', '8536a3d7-a060-4889-9df6-3208beeb4c37', 'nominal', '5000', '2026-06-11T13:52:42.760Z');
INSERT INTO transaction_items ("id", "transaction_id", "name", "price", "qty", "type", "kapster_id", "commission_type", "commission_value", "created_at") VALUES ('7832ebca-caff-46c8-8b14-79e005c2a3e9', 'trx-1781185958196', 'Gentlemans Grooming', '50000', 1, 'service', '8536a3d7-a060-4889-9df6-3208beeb4c37', 'nominal', '5000', '2026-06-11T13:52:42.760Z');
INSERT INTO transaction_items ("id", "transaction_id", "name", "price", "qty", "type", "kapster_id", "commission_type", "commission_value", "created_at") VALUES ('7733b57c-4843-4dbf-94e8-bc4716f96ae1', 'trx-1781189557995', 'Hair Cutting', '35000', 1, 'service', '8536a3d7-a060-4889-9df6-3208beeb4c37', 'nominal', '5000', '2026-06-11T14:52:41.540Z');

